Категория;Артикул;Товар;Объём;Цена опт, ₽;Название в прайсе
Эфирные масла;15000;Анис;10 мл;976;АНИС 10 МЛ
Эфирные масла;15320;Апельсин;10 мл;915;АПЕЛЬСИН 10 МЛ
Эфирные масла;15030;Базилик;10 мл;1708;БАЗИЛИК 10 МЛ
Эфирные масла;15040;Бергамот;10 мл;2196;БЕРГАМОТ 10 МЛ
Эфирные масла;5790;Вербена;10 мл;21838;ВЕРБЕНА 10 МЛ
Эфирные масла;15290;Гвоздика;10 мл;732;ГВОЗДИКА 10 МЛ
Эфирные масла;15120;Герань;10 мл;1891;ГЕРАНЬ 10 МЛ
Эфирные масла;15130;Грейпфрут;10 мл;1464;ГРЕЙПФРУТ 10 МЛ
Эфирные масла;15340;Душица;10 мл;1708;ДУШИЦА 10 МЛ
Эфирные масла;15110;Ель;10 мл;915;ЕЛЬ 10 МЛ
Эфирные масла;5390;Жасмин;10 мл;26108;ЖАСМИН 10 МЛ
Эфирные масла;15520;Иланг-иланг;10 мл;4758;ИЛАНГ-ИЛАНГ 10 МЛ
Эфирные масла;15050;Каяпут;10 мл;1342;КАЯПУТ 10 МЛ
Эфирные масла;15540;Кедр;10 мл;1037;КЕДР 10 МЛ
Эфирные масла;15570;Кипарис;10 мл;1403;КИПАРИС 10 МЛ
Эфирные масла;15550;Корица;10 мл;2196;КОРИЦА 10 МЛ
Эфирные масла;15200;Лаванда;10 мл;1464;ЛАВАНДА 10 МЛ
Эфирные масла;15510;Ладан;10 мл;3660;ЛАДАН 10 МЛ
Эфирные масла;15610;Левзея;10 мл;1098;ЛЕВЗЕЯ 10 МЛ
Эфирные масла;15210;Лемонграсс;10 мл;854;ЛЕМОНГРАСС 10 МЛ
Эфирные масла;15220;Лиметт;10 мл;1098;ЛИМЕТТ 10 МЛ
Эфирные масла;15560;Лимон;10 мл;915;ЛИМОН 10 МЛ
Эфирные масла;15240;Мандарин;10 мл;1403;МАНДАРИН 10 МЛ
Эфирные масла;15250;Мелисса;10 мл;1159;МЕЛИССА 10 МЛ
Эфирные масла;577;Мирт;10 мл;3294;МИРТ 10 МЛ
Эфирные масла;15500;Можжевельник;10 мл;2196;МОЖЖЕВЕЛЬНИК 10 МЛ
Эфирные масла;15390;Мята;10 мл;915;МЯТА 10 МЛ
Эфирные масла;15300;Нероли;10 мл;2562;НЕРОЛИ 10 МЛ
Эфирные масла;15350;Пальмароза;10 мл;1098;ПАЛЬМАРОЗА 10 МЛ
Эфирные масла;15360;Пачули;10 мл;1708;ПАЧУЛИ 10 МЛ
Эфирные масла;15380;Перец черный;10 мл;1220;ПЕРЕЦ ЧЕРНЫЙ 10 МЛ
Эфирные масла;15370;Петит грейн;10 мл;1464;ПЕТИТ ГРЕЙН 10 МЛ
Эфирные масла;15408;Роза;1 мл;4636;РОЗА 1 МЛ
Эфирные масла;5411;Роза;10 мл;36234;РОЗА 10 МЛ
Эфирные масла;15420;Розмарин;10 мл;1220;РОЗМАРИН 10 МЛ
Эфирные масла;15410;Розовое дерево;10 мл;1830;РОЗОВОЕ ДЕРЕВО 10 МЛ
Эфирные масла;52010;Сандал;10 мл;18056;САНДАЛ 10 МЛ
Эфирные масла;15600;Сосна;10 мл;2196;СОСНА 10 МЛ
Эфирные масла;15100;Фенхель;10 мл;976;ФЕНХЕЛЬ 10 МЛ
Эфирные масла;15070;Цитронелла;10 мл;793;ЦИТРОНЕЛЛА 10 МЛ
Эфирные масла;15470;Чабрец;10 мл;1830;ЧАБРЕЦ 10 МЛ
Эфирные масла;15460;Чайное дерево;10 мл;1220;ЧАЙНОЕ ДЕРЕВО 10 МЛ
Эфирные масла;15430;Шалфей;10 мл;1464;ШАЛФЕЙ 10 МЛ
Эфирные масла;15090;Эвкалипт;10 мл;793;ЭВКАЛИПТ 10 МЛ
Смеси эфирных масел;566;Смесь «Магическая любовь»;10 мл;1525;«МАГИЧЕСКАЯ ЛЮБОВЬ»
Смеси эфирных масел;16120;Смесь «Ночь любви»;10 мл;1525;«НОЧЬ ЛЮБВИ»
Смеси эфирных масел;563;Смесь «От стресса»;10 мл;1525;«ОТ СТРЕССА»
Смеси эфирных масел;16150;Смесь «Свет души»;10 мл;1525;«СВЕТ ДУШИ»
Смеси эфирных масел;16100;Смесь «Солнечное сияние»;10 мл;1525;«СОЛНЕЧНОЕ СИЯНИЕ»
Смеси эфирных масел;16130;Смесь «Фортуна»;10 мл;1464;«ФОРТУНА»
Смеси эфирных масел;565;Смесь «Эротика»;10 мл;1525;«ЭРОТИКА»
Лосьоны для влажных пеленаний;82014;Лосьон «Лед»;200 мл;3172;ЛОСЬОН «ЛЕД» 200 МЛ
Лосьоны для влажных пеленаний;82019;Лосьон «Лед»;400 мл;5490;ЛОСЬОН «ЛЕД» 400 МЛ
Лосьоны для влажных пеленаний;82054;Лосьон «Лепестки розы»;200 мл;3172;ЛОСЬОН «ЛЕПЕСТКИ РОЗЫ» 200 МЛ
Лосьоны для влажных пеленаний;82059;Лосьон «Лепестки розы»;400 мл;5490;ЛОСЬОН «ЛЕПЕСТКИ РОЗЫ» 400 МЛ
Лосьоны для влажных пеленаний;82034;Лосьон «Водоросли»;200 мл;3172;ЛОСЬОН «ВОДОРОСЛИ» 200 МЛ
Лосьоны для влажных пеленаний;82039;Лосьон «Водоросли»;400 мл;5490;ЛОСЬОН «ВОДОРОСЛИ» 400 МЛ
Лосьоны для влажных пеленаний;82044;Лосьон «Нероли» (апельсин);200 мл;3172;ЛОСЬОН «НЕРОЛИ» (АПЕЛЬСИН) 200 МЛ
Лосьоны для влажных пеленаний;82049;Лосьон «Нероли» (апельсин);400 мл;5490;ЛОСЬОН «НЕРОЛИ» (АПЕЛЬСИН) 400 МЛ
Лосьоны для влажных пеленаний;82064;Лосьон «Центелла-интенсив»;200 мл;3416;ЛОСЬОН «ЦЕНТЕЛЛА-ИНТЕНСИВ» 200 МЛ
Лосьоны для влажных пеленаний;82069;Лосьон «Центелла-интенсив»;400 мл;5612;ЛОСЬОН «ЦЕНТЕЛЛА-ИНТЕНСИВ» 400 МЛ
Лосьоны для влажных пеленаний;0431;Лосьон «Лифтинг» (Азия);1000 мл;12566;ЛОСЬОН «ЛИФТИНГ» (АЗИЯ) 1000 МЛ
Аромамасла-подложки для пеленаний;82164;Аромамасло «Апельсин»;200 мл;3782;«АПЕЛЬСИН» 200 МЛ
Аромамасла-подложки для пеленаний;82124;Аромамасло «Антицеллюлит экстра»;200 мл;3782;«АНТИЦЕЛЛЮЛИТ ЭКСТРА» 200 МЛ
Аромамасла-подложки для пеленаний;82154;Аромамасло «Лимон»;200 мл;3782;«ЛИМОН» 200 МЛ
Аромамасла-подложки для пеленаний;82144;Аромамасло «Роза»;200 мл;3782;«РОЗА» 200 МЛ
Корсеты;83123;Гель-корсет «Корица»;150 мл;2806;ГЕЛЬ-КОРСЕТ «КОРИЦА» 150 МЛ
Корсеты;83126;Гель-корсет «Корица»;1000 мл;14640;ГЕЛЬ-КОРСЕТ «КОРИЦА» 1000 МЛ
Корсеты;83133;Гель «Лифтинг форте»;150 мл;2806;ГЕЛЬ «ЛИФТИНГ ФОРТЕ» 150 МЛ
Корсеты;83136;Гель «Лифтинг форте»;1000 мл;14640;ГЕЛЬ «ЛИФТИНГ ФОРТЕ» 1000 МЛ
Корсеты;83053;Гель-корсет «Свежесть» (ледяной);150 мл;2806;ГЕЛЬ-КОРСЕТ «СВЕЖЕСТЬ» (ЛЕДЯНОЙ) 150 МЛ
Корсеты;83056;Гель-корсет «Свежесть» (ледяной);1000 мл;14762;ГЕЛЬ-КОРСЕТ «СВЕЖЕСТЬ» (ЛЕДЯНОЙ) 1000 МЛ
Корсеты;83063;Гель-корсет «Жар и холод»;150 мл;3050;ГЕЛЬ-КОРСЕТ «ЖАР И ХОЛОД» 150 МЛ
Корсеты;83066;Гель-корсет «Жар и холод»;1000 мл;15372;ГЕЛЬ-КОРСЕТ «ЖАР И ХОЛОД» 1000 МЛ
Корсеты;082;Крем-корсет «Икра»;150 мл;3416;КРЕМ-КОРСЕТ «ИКРА» 150 МЛ
Корсеты;0821;Крем-корсет «Икра»;1000 мл;14274;КРЕМ-КОРСЕТ «ИКРА» 1000 МЛ
Корсеты;83403;Крем-корсет «Алоэ вера»;150 мл;2928;КРЕМ-КОРСЕТ «АЛОЭ ВЕРА» 150 МЛ
Корсеты;83406;Крем-корсет «Алоэ вера»;1000 мл;13542;КРЕМ-КОРСЕТ «АЛОЭ ВЕРА» 1000 МЛ
Корсеты;83113;Крем-корсет «Водоросли»;150 мл;2928;КРЕМ-КОРСЕТ «ВОДОРОСЛИ» 150 МЛ
Корсеты;83116;Крем-корсет «Водоросли»;1000 мл;13420;КРЕМ-КОРСЕТ «ВОДОРОСЛИ»1000 МЛ
Корсеты;83043;Крем-корсет «Контурный»;150 мл;2989;КРЕМ-КОРСЕТ «КОНТУРНЫЙ» 150 МЛ
Корсеты;83046;Крем-корсет «Контурный»;1000 мл;13420;КРЕМ-КОРСЕТ «КОНТУРНЫЙ» 1000 МЛ
Соль морская холодная и горячая;82076;Соль морская с охлаждающим эффектом;1000 г;9638;СОЛЬ МОРСКАЯ С ОХЛАЖДАЮЩИМ ЭФФЕКТОМ 1000 Г
Соль морская холодная и горячая;82073;Соль морская с охлаждающим эффектом;150 г;2928;СОЛЬ МОРСКАЯ С ОХЛАЖДАЮЩИМ ЭФФЕКТОМ 150 Г
Соль морская холодная и горячая;82086;Соль морская с разогревающим эффектом;1000 г;9638;СОЛЬ МОРСКАЯ С РАЗОГРЕВАЮЩИМ ЭФФЕКТОМ 1000 Г
Соль морская холодная и горячая;82083;Соль морская с разогревающим эффектом;150 г;2928;СОЛЬ МОРСКАЯ С РАЗОГРЕВАЮЩИМ ЭФФЕКТОМ 150 Г
Соли Мертвого моря;83235;Соль для ванн «Detox»;500 г;1830;СОЛЬ ДЛЯ ВАНН «DETOX» 500 Г
Термоактивные гели;81013;Цель-гель «Мягкий» (Cello Gel Soft);150 мл;2684;ЦЕЛЬ-ГЕЛЬ «МЯГКИЙ» (CELLO GEL SOFT) 150 МЛ
Термоактивные гели;81016;Цель-гель «Мягкий» (Cello Gel Soft);1000 мл;14152;ЦЕЛЬ-ГЕЛЬ «МЯГКИЙ» (CELLO GEL SOFT) 1000 МЛ
Термоактивные гели;81023;Цель-гель «Средний» (Cello Gel Medium);150 мл;2684;ЦЕЛЬ-ГЕЛЬ «СРЕДНИЙ» (CELLO GEL MEDIUM) 150 МЛ
Термоактивные гели;81026;Цель-гель «Средний» (Cello Gel Medium);1000 мл;14396;ЦЕЛЬ-ГЕЛЬ «СРЕДНИЙ» (CELLO GEL MEDIUM) 1000 МЛ
Термоактивные гели;81033;Цель-гель «Сильный» (Cello Gel Strong);150 мл;2684;ЦЕЛЬ-ГЕЛЬ «СИЛЬНЫЙ» (CELLO GEL STRONG) 150 МЛ
Термоактивные гели;81036;Цель-гель «Сильный» (Cello Gel Strong);1000 мл;14396;ЦЕЛЬ-ГЕЛЬ «СИЛЬНЫЙ» (CELLO GEL STRONG) 1000 МЛ
Термоактивные гели;81043;Цель-гель «Экстра» (Cello Gel Extra);150 мл;2806;ЦЕЛЬ-ГЕЛЬ «ЭКСТРА» (CELLO GEL EXTRA) 150 МЛ
Термоактивные гели;81046;Цель-гель «Экстра» (Cello Gel Extra);1000 мл;15860;ЦЕЛЬ-ГЕЛЬ «ЭКСТРА» (CELLO GEL EXTRA) 1000 МЛ
Термоактивные гели;43063;Цель-гель горячий «Hot Slim» (центелла);150 мл;2806;ЦЕЛЬ-ГЕЛЬ ГОРЯЧИЙ «HOT SLIM» (ЦЕНТЕЛЛА) 150 МЛ
Термоактивные гели;81056;Цель-гель «Центелла и флердоранж»;1000 мл;14762;ЦЕЛЬ-ГЕЛЬ «ЦЕНТЕЛЛА И ФЛЕРДОРАНЖ» 1000 МЛ
Термоактивные гели;81083;Цель-гель «Холодный» (Cool Slimming);150 мл;2806;ЦЕЛЬ-ГЕЛЬ «ХОЛОДНЫЙ» (COOL SLIMMING) 150 МЛ
Термоактивные гели;81086;Цель-гель «Холодный» (Cool Slimming);1000 мл;15372;ЦЕЛЬ-ГЕЛЬ «ХОЛОДНЫЙ» (COOL SLIMMING) 1000 МЛ
Пилинг для тела;84736;Пилинг с абрикос. косточкой Honeymoon;1000 мл;7808;ПИЛИНГ С АБРИКОС. КОСТОЧКОЙ HONEYMOON 1000 МЛ
Массажные масла с эфирной формулой;84176;Массажное масло «Антицеллюлит»;1000 мл;9394;МАССАЖНОЕ МАСЛО «АНТИЦЕЛЛЮЛИТ» 1000 МЛ
Массажные масла с эфирной формулой;84156;Массажное масло «37 трав»;1000 мл;9394;МАССАЖНОЕ МАСЛО «37 ТРАВ» 1000 МЛ
Массажные масла с эфирной формулой;84136;Массажное масло «Жизненный тонус»;1000 мл;9394;МАССАЖНОЕ МАСЛО «ЖИЗНЕННЫЙ ТОНУС» 1000 МЛ
Массажные масла с эфирной формулой;122;Масло массажное «Камасутра»;200 мл;3782;МАСЛО МАССАЖНОЕ «КАМАСУТРА» 200 МЛ
Базисные масла холодного отжима;84386;Масло виноградных косточек профи;1000 мл;5490;МАСЛО ВИНОГРАДНЫХ КОСТОЧЕК ПРОФИ 1000 МЛ
Базисные масла холодного отжима;84396;Масло массажное нейтральное;1000 мл;4514;МАСЛО МАССАЖНОЕ НЕЙТРАЛЬНОЕ 1000 МЛ
Натуральное мыло Krautergarten;13281Ч;Мыло «Вербена»;100 г;671;"МЫЛО ""ВЕРБЕНА"" 100 Г"
Натуральное мыло Krautergarten;12252;Мыло «Йогурт»;100 г;671;"МЫЛО ""ЙОГУРТ"" 100 Г"
Натуральное мыло Krautergarten;13271;Мыло «Чайное дерево»;100 г;671;"МЫЛО ""ЧАЙНОЕ ДЕРЕВО"" 100 Г"
Натуральное мыло Krautergarten;12262;Мыло «Шалфей»;100 г;671;"МЫЛО ""ШАЛФЕЙ"" 100 Г"
Цитоактивные ампулы;85209;Трансдермальные ампулы Anti-Aging;10×2 мл;5246;ТРАНСДЕРМАЛЬНЫЕ АМПУЛЫ ANTI-AGING 10Х2 МЛ
Цитоактивные ампулы;85258;Концентрат в ампулах «Витамин C»;10×2 мл;3660;КОНЦЕНТРАТ В АМПУЛАХ «ВИТАМИН С» 10Х2 МЛ
Цитоактивные ампулы;85279;Трансдермальные ампулы Beauty Express;10×2 мл;5246;ТРАНСДЕРМАЛЬНЫЕ АМПУЛЫ BEAUTY EXPRESS 10Х2 МЛ
Цитоактивные ампулы;85289;Трансдермальные ампулы Phyto Vital;10×2 мл;5124;ТРАНСДЕРМАЛЬНЫЕ АМПУЛЫ PHYTO VITAL 10Х2 МЛ
Цитоактивные ампулы;85299;Трансдермальные ампулы Beauty Tent;10×2 мл;3782;ТРАНСДЕРМАЛЬНЫЕ АМПУЛЫ BEAUTY TENT 10Х2 МЛ
Цитоактивные ампулы;85709;Лифтинг ампулы с гиалуроном;10×2 мл;5246;ЛИФТИНГ АМПУЛЫ С ГИАЛУРОНОМ 10Х2 МЛ
Chin Min — многофункциональная косметика;18303;Chin-Min гель для массажа;150 мл;2928;CHIN-MIN ГЕЛЬ ДЛЯ МАССАЖА 150 МЛ
Chin Min — многофункциональная косметика;18312;Chin-Min лосьон;100 мл;3904;CHIN-MIN ЛОСЬОН 100 МЛ
Chin Min — многофункциональная косметика;18322;Chin-Min спортивный флюид;100 мл;1464;CHIN-MIN СПОРТИВНЫЙ ФЛЮИД 100 МЛ
Chin Min — многофункциональная косметика;18332;Chin-Min спортивный спрей;100 мл;1952;CHIN-MIN СПОРТИВНЫЙ СПРЕЙ 100 МЛ
Универсальные кремы и гели;17553;Крем козий многофункциональный;150 мл;4514;КРЕМ КОЗИЙ МНОГОФУНКЦИОНАЛЬНЫЙ 150 МЛ
Универсальные кремы и гели;84015;Базисный массажный крем;500 мл;4636;БАЗИСНЫЙ МАССАЖНЫЙ КРЕМ 500 МЛ
Зеленый чай — антистресс;42021;Дневной крем для комби. кожи;50 мл;2806;ДНЕВНОЙ КРЕМ ДЛЯ КОМБИ. КОЖИ 50 МЛ
Зеленый чай — антистресс;42031;Ночной крем для комби. кожи;50 мл;3050;НОЧНОЙ КРЕМ ДЛЯ КОМБИ. КОЖИ 50 МЛ
Зеленый чай — антистресс;42003;Гибискус освежающая маска;150 мл;4392;ГИБИСКУС ОСВЕЖАЮЩАЯ МАСКА 150 МЛ
Зеленый чай — антистресс;42013;Эхинацея успокивающая маска;150 мл;4392;ЭХИНАЦЕЯ УСПОКИВАЮЩАЯ МАСКА 150 МЛ
Зеленый чай — антистресс;86509;SOS-аппликатор от сыпи, раздражения;8 мл;1830;SOS-АППЛИКАТОР ОТ СЫПИ, РАЗДРАЖЕНИЯ 8 МЛ
Серия «Green Asia»;41003;Крем-маска примула вечерняя (энотера);150 мл;5612;КРЕМ-МАСКА ПРИМУЛА ВЕЧЕРНЯЯ (ЭНОТЕРА) 150 МЛ
Серия «Green Asia»;40114;Очищающие сливки;200 мл;2562;ОЧИЩАЮЩИЕ СЛИВКИ 200 МЛ
Серия «Green Asia»;40124;Очищающий тоник;200 мл;2562;ОЧИЩАЮЩИЙ ТОНИК 200 МЛ
Серия «Green Asia»;40125;Очищающий тоник;500 мл;5124;ОЧИЩАЮЩИЙ ТОНИК 500 МЛ
Серия «Green Asia»;40131;Пилинг «Обновление и гладкость»;50 мл;2562;ПИЛИНГ «ОБНОВЛЕНИЕ И ГЛАДКОСТЬ» 50 МЛ
Альгинатные маски;86806;«Spirulina Peel Off Mask» альгинат маска;333 г;7076;«SPIRULINA PEEL OFF MASK» АЛЬГИНАТ МАСКА 333 Г
Альгинатные маски;86516;«Cool Peel Off» альгинатная маска;333 г;7320;«COOL PEEL OFF» АЛЬГИНАТНАЯ МАСКА 333 Г
Альгинатные маски;86776;Лифтинговая шоколадно-альгинат. маска;333 г;8418;ЛИФТИНГОВАЯ ШОКОЛАДНО-АЛЬГИНАТ. МАСКА 333 Г
Серия «Secret Age»;86705;Очищающие сливки с экстрактом мальвы;500 мл;5856;ОЧИЩАЮЩИЕ СЛИВКИ С ЭКСТРАКТОМ МАЛЬВЫ 500 МЛ
Серия «Secret Age»;86715;Тоник для лица с розовой водой;500 мл;5856;ТОНИК ДЛЯ ЛИЦА С РОЗОВОЙ ВОДОЙ 500 МЛ
Серия «Secret Age»;86723;Secret Age маска ананас;150 мл;5246;SECRET AGE МАСКА АНАНАС 150 МЛ
Серия «Secret Age»;86733;Secret Age маска лифтинговая;150 мл;7198;SECRET AGE МАСКА ЛИФТИНГОВАЯ 150 МЛ
Серия «Secret Age»;86743;Secret Age маска витаминная;150 мл;7198;SECRET AGE МАСКА ВИТАМИННАЯ 150 МЛ
Серия «Secret Age»;86753;Secret Age маска с органик розой;150 мл;6588;SECRET AGE МАСКА С ОРГАНИК РОЗОЙ 150 МЛ
Активные концентраты в маски;85170;Концентрат для зрелой кожи стекло;20 мл;1342;КОНЦЕНТРАТ ДЛЯ ЗРЕЛОЙ КОЖИ СТЕКЛО 20 МЛ
Активные концентраты в маски;85150;Концентрат для смешанной кожи;20 мл;1220;КОНЦЕНТРАТ ДЛЯ СМЕШАННОЙ КОЖИ 20 МЛ
Активные концентраты в маски;85140;Концентрат для сухой кожи;20 мл;1342;КОНЦЕНТРАТ ДЛЯ СУХОЙ КОЖИ 20 МЛ
Активные концентраты в маски;85160;Концентрат для проблемной кожи;20 мл;1342;КОНЦЕНТРАТ ДЛЯ ПРОБЛЕМНОЙ КОЖИ 20 МЛ
Сопутствующие товары;33370;Аромалампа «Арома Дерм»;1 шт.;671;АРОМАЛАМПА АРОМА ДЕРМ
Сопутствующие товары;87020;Кисть прямая;1 шт.;549;КИСТЬ ПРЯМАЯ
Сопутствующие товары;0761;Бандаж 20×4;1 шт.;793;БАНДАЖ 20 *4
Сопутствующие товары;0798;Бандаж 20×3;1 шт.;610;БАНДАЖ 20 *3
Сопутствующие товары;20038;Пленка п/эт 200 метров / 30 см / 8 мк;1 шт.;244;ПЛЕНКА П/ЭТ 200 МЕТРОВ / 30 СМ / 8 МК
Сопутствующие товары;40012;Простыни полиэтиленовые 200×230;упаковка 25 шт.;915;ПРОСТЫНИ ПОЛИЭТИЛЕНОВЫЕ 200 Х230 25 ШТ.
Сопутствующие товары;87004;Нож для пленки;1 шт.;244;НОЖ ДЛЯ ПЛЕНКИ
Сопутствующие товары;99916;Методические указания Aromaderm (тело);1 шт.;490;МЕТОДИЧЕСКИЕ УКАЗАНИЯ AROMADERM (ТЕЛО)
Сопутствующие товары;145;Помпа-дозатор для масел 1000 мл;1 шт.;366;ПОМПА-ДОЗАТОР ДЛЯ МАСЕЛ 1000 МЛ
Сопутствующие товары;146;Помпа-дозатор для кремов 0,5 л;1 шт.;732;ПОМПА-ДОЗАТОР ДЛЯ КРЕМОВ 0 ,5 Л
Сопутствующие товары;4***;Костюм LPG белый бесшовный L/XL/XXL;1 шт.;690;КОСТЮМ LPG БЕЛЫЙ БЕСШОВНЫЙ L/XL/XXL
